The Rosemont Residences,"8,5"
Toronto Luxury Accommodations - QWEST,"8,1"
Toronto Furnished Living Rooms,"6,2"
Alisa Guest Suites,"6,0"
"Holiday Inn Toronto Downtown Centre, an IHG Hotel","7,5"
DoubleTree by Hilton Toronto Downtown,"7,6"
One King West Hotel and Residence,"8,4"
"Holiday Inn Express Toronto-North York, an IHG Hotel","7,7"
Samesun Toronto,"7,4"
The Clarence Park,"7,7"
"Holiday Inn Express & Suites - Toronto Airport South, an IHG Hotel","8,4"
Chelsea Hotel Toronto,"7,1"
Radisson Blu Downtown Toronto,"8,2"
Stay Inn Hotel Toronto,"8,6"
Hampton Inn by Hilton Toronto Airport Corporate Centre,"8,2"
Super 8 by Wyndham Toronto East ON,"5,7"
Luxury 2 bedrooms with Lakeview CN Tower Entertainment District Rogers Centre,"8,1"
The Novotel Toronto Centre,"8,4"
Town Inn Suites Hotel,"7,7"
Hampton Inn & Suites by Hilton Toronto Downtown,"9,0"
Sandman Signature Toronto Airport Hotel,"7,7"
"Holiday Inn Toronto International Airport, an IHG Hotel","7,3"
Canadas Best Value Inn Toronto,"7,7"
Lovely private bedroom,"8,2"
